id,username,email,created_at
1,harborisland84,harborisland84@seeded.app,2025-05-01 11:12:59
2,quietorbit34,quietorbit34@hackstack.io,2024-02-05 10:12:43
3,embernetwork54,embernetwork54@acme.dev,2025-10-17 12:24:24
4,embercanyon53,embercanyon53@relay.cloud,2024-04-16 08:08:09
5,quietpioneer93,quietpioneer93@example.com,2025-06-07 02:12:18
6,livelysignal31,livelysignal31@acme.dev,2024-08-24 19:33:55
7,vividlagoon52,vividlagoon52@opswise.net,2025-08-22 11:56:24
8,navyvalley63,navyvalley63@opswise.net,2025-12-25 01:17:56
9,opaldelta52,opaldelta52@relay.cloud,2025-08-02 16:42:49
10,proudmeadow78,proudmeadow78@opswise.net,2024-08-01 13:13:35
11,dawnnetwork92,dawnnetwork92@acme.dev,2025-05-08 22:30:12
12,cobaltcanyon52,cobaltcanyon52@hackstack.io,2024-04-11 19:04:16
13,vividpioneer79,vividpioneer79@opswise.net,2025-12-19 19:51:08
14,harborengine25,harborengine25@acme.dev,2024-08-03 22:01:26
15,dawnlagoon87,dawnlagoon87@opswise.net,2024-11-24 02:59:19
16,quietriver48,quietriver48@example.com,2025-09-07 05:04:37
17,silverbeacon00,silverbeacon00@opswise.net,2025-06-11 03:57:25
18,rapidanchor47,rapidanchor47@opswise.net,2024-02-03 07:28:56
19,harborharvest14,harborharvest14@example.com,2025-02-17 23:42:01
20,clearpioneer64,clearpioneer64@relay.cloud,2026-01-06 11:56:54
21,warmisland30,warmisland30@acme.dev,2025-12-05 15:30:39
22,dawnorbit27,dawnorbit27@example.com,2024-02-29 04:48:55
23,calmgarden90,calmgarden90@example.com,2024-12-14 10:46:25
24,forestgarden58,forestgarden58@hackstack.io,2025-04-27 20:13:51
25,navyjourney37,navyjourney37@relay.cloud,2026-01-20 13:42:48
26,forestquartz43,forestquartz43@opswise.net,2024-11-28 16:34:45
27,harborquartz61,harborquartz61@relay.cloud,2025-07-14 08:45:33
28,vividnetwork44,vividnetwork44@acme.dev,2024-12-18 16:50:58
29,briskkernel21,briskkernel21@relay.cloud,2025-11-28 05:26:07
30,proudjourney76,proudjourney76@opswise.net,2024-01-26 02:28:58
31,warmuplink12,warmuplink12@hackstack.io,2025-03-08 01:55:47
32,urbanvalley24,urbanvalley24@opswise.net,2025-02-24 19:24:43
33,livelysignal43,livelysignal43@hackstack.io,2025-04-14 10:52:18
34,keenwindow45,keenwindow45@relay.cloud,2024-05-07 14:35:29
35,ivoryfield09,ivoryfield09@acme.dev,2024-02-29 15:55:02
36,mellowmeadow13,mellowmeadow13@hackstack.io,2025-03-07 15:57:47
37,tidyuplink02,tidyuplink02@acme.dev,2025-04-28 13:26:30
38,forestharvest02,forestharvest02@acme.dev,2024-01-18 01:40:58
39,silvervalley34,silvervalley34@example.com,2024-03-12 13:54:23
40,tidylagoon52,tidylagoon52@hackstack.io,2025-07-06 06:08:09
41,urbanbeacon63,urbanbeacon63@example.com,2024-09-14 16:22:08
42,opalmeadow41,opalmeadow41@example.com,2024-08-22 12:50:00
43,quietuplink84,quietuplink84@hackstack.io,2025-01-03 01:39:53
44,emberengine92,emberengine92@opswise.net,2024-11-30 03:40:10
45,opalbeacon70,opalbeacon70@opswise.net,2025-10-02 03:26:46
46,embergarden97,embergarden97@opswise.net,2024-10-13 13:59:32
47,urbanfield67,urbanfield67@hackstack.io,2025-03-10 07:07:05
48,navyquartz96,navyquartz96@relay.cloud,2025-06-17 21:12:35
49,youngsignal33,youngsignal33@opswise.net,2024-07-06 00:59:58
50,cobaltcanyon62,cobaltcanyon62@seeded.app,2024-03-03 02:29:01
51,urbanvalley94,urbanvalley94@relay.cloud,2025-11-21 15:19:07
52,forestbeacon41,forestbeacon41@acme.dev,2024-06-19 05:30:07
53,calmjourney08,calmjourney08@hackstack.io,2025-05-07 16:54:11
54,quietriver72,quietriver72@seeded.app,2024-09-21 11:13:36
55,calmorbit47,calmorbit47@seeded.app,2024-08-24 18:27:06
56,navymeadow06,navymeadow06@acme.dev,2024-05-09 04:59:31
57,dawnuplink91,dawnuplink91@hackstack.io,2025-04-25 03:38:09
58,jadefield44,jadefield44@relay.cloud,2024-03-02 23:45:04
59,goldjourney90,goldjourney90@seeded.app,2025-08-13 00:50:09
60,goldanchor22,goldanchor22@seeded.app,2024-01-27 11:58:22
61,amberfield27,amberfield27@relay.cloud,2025-10-12 21:22:21
62,keenkernel11,keenkernel11@seeded.app,2025-09-11 15:38:22
63,urbanyard08,urbanyard08@opswise.net,2024-02-21 18:26:19
64,jadebeacon72,jadebeacon72@opswise.net,2026-01-17 01:08:52
65,emberdelta76,emberdelta76@example.com,2025-03-18 07:41:24
66,clearriver03,clearriver03@acme.dev,2025-08-13 12:47:55
67,opalengine81,opalengine81@opswise.net,2024-09-15 23:43:50
68,dawndelta02,dawndelta02@acme.dev,2024-04-26 03:33:09
69,briskfield61,briskfield61@relay.cloud,2025-07-10 06:15:35
70,mellownetwork23,mellownetwork23@example.com,2025-03-16 18:35:57
71,vividmeadow06,vividmeadow06@seeded.app,2024-05-06 05:44:33
72,urbanyard09,urbanyard09@relay.cloud,2024-08-14 11:12:36
73,keenpioneer37,keenpioneer37@acme.dev,2024-05-04 18:25:53
74,navyorbit33,navyorbit33@example.com,2025-11-16 11:48:08
75,tidywindow12,tidywindow12@opswise.net,2025-11-17 07:58:24
76,silverdelta80,silverdelta80@acme.dev,2024-01-11 03:55:16
77,mellowquartz53,mellowquartz53@opswise.net,2024-04-23 10:54:43
78,dawnisland35,dawnisland35@hackstack.io,2025-09-08 06:10:18
79,emberuplink72,emberuplink72@example.com,2024-03-04 00:14:27
80,emberengine27,emberengine27@example.com,2024-02-18 05:04:27
81,briskisland04,briskisland04@acme.dev,2024-12-08 11:00:43
82,jademeadow24,jademeadow24@acme.dev,2025-02-11 19:23:51
83,rapidkernel45,rapidkernel45@opswise.net,2024-08-17 17:35:02
84,goldriver85,goldriver85@seeded.app,2024-10-26 00:08:58
85,quietanchor52,quietanchor52@seeded.app,2024-05-23 18:52:59
86,rapidanchor48,rapidanchor48@opswise.net,2024-08-10 12:31:00
87,ivorysignal50,ivorysignal50@relay.cloud,2025-04-13 18:47:02
88,dawnnetwork59,dawnnetwork59@acme.dev,2024-05-03 04:41:13
89,ivoryisland51,ivoryisland51@hackstack.io,2025-11-09 19:21:34
90,silverdelta61,silverdelta61@hackstack.io,2024-05-10 06:53:07
91,mellowcanyon92,mellowcanyon92@relay.cloud,2024-03-11 13:11:02
92,livelyyard67,livelyyard67@example.com,2026-01-08 01:28:38
93,livelybeacon78,livelybeacon78@hackstack.io,2024-01-16 14:48:06
94,warmquartz96,warmquartz96@relay.cloud,2026-01-23 23:49:42
95,rapidcanyon57,rapidcanyon57@hackstack.io,2024-10-25 09:45:58
96,opalquartz97,opalquartz97@hackstack.io,2025-04-17 22:34:54
97,proudnetwork46,proudnetwork46@relay.cloud,2025-09-25 16:50:46
98,navyriver66,navyriver66@seeded.app,2024-06-22 13:49:44
99,rapidcanyon98,rapidcanyon98@opswise.net,2025-10-12 06:17:16
100,harborzenith17,harborzenith17@hackstack.io,2025-05-09 19:55:54
101,jadewindow86,jadewindow86@example.com,2024-08-07 03:10:21
102,vividorbit57,vividorbit57@seeded.app,2024-02-17 05:10:10
103,calmcanyon26,calmcanyon26@seeded.app,2025-06-14 15:23:06
104,goldgarden48,goldgarden48@example.com,2024-12-21 14:10:47
105,youngkernel55,youngkernel55@opswise.net,2024-07-22 07:11:56
106,silverwindow33,silverwindow33@example.com,2024-11-27 05:19:15
107,clearuplink23,clearuplink23@acme.dev,2024-06-09 04:34:22
108,warmbeacon11,warmbeacon11@hackstack.io,2025-12-15 05:06:46
109,clearyard74,clearyard74@opswise.net,2024-09-12 19:52:05
110,tidyharvest71,tidyharvest71@acme.dev,2024-06-20 07:42:19
111,proudvalley82,proudvalley82@acme.dev,2025-12-20 15:55:56
112,quiettrail40,quiettrail40@example.com,2025-03-26 19:43:26
113,harboranchor38,harboranchor38@seeded.app,2025-06-30 06:12:40
114,keenzenith31,keenzenith31@opswise.net,2024-07-18 02:34:06
115,calmwindow91,calmwindow91@seeded.app,2025-05-02 23:33:50
116,livelyriver53,livelyriver53@seeded.app,2024-06-03 04:18:29
117,opaldelta32,opaldelta32@relay.cloud,2025-09-23 04:49:12
118,jadevalley33,jadevalley33@relay.cloud,2025-02-23 06:54:07
119,navyanchor26,navyanchor26@relay.cloud,2024-12-28 19:34:55
120,urbananchor26,urbananchor26@seeded.app,2024-01-20 13:33:57
121,jademeadow34,jademeadow34@relay.cloud,2025-01-15 03:29:24
122,emberlagoon15,emberlagoon15@example.com,2024-02-10 02:08:05
123,clearsignal01,clearsignal01@relay.cloud,2025-07-12 11:16:49
124,proudengine47,proudengine47@seeded.app,2024-06-14 06:51:02
125,navyuplink03,navyuplink03@relay.cloud,2024-05-22 18:03:09
126,warmnetwork72,warmnetwork72@relay.cloud,2026-01-28 06:10:46
127,mellowjourney55,mellowjourney55@acme.dev,2024-01-29 20:38:17
128,proudmeadow43,proudmeadow43@opswise.net,2025-03-30 16:10:30
129,amberlagoon59,amberlagoon59@example.com,2025-08-29 02:13:15
130,harborriver56,harborriver56@example.com,2024-03-24 02:53:39
131,keenisland48,keenisland48@hackstack.io,2024-07-10 20:24:47
132,goldnetwork37,goldnetwork37@opswise.net,2025-05-06 11:55:12
133,dawnorbit88,dawnorbit88@opswise.net,2025-08-22 12:06:08
134,youngharvest11,youngharvest11@hackstack.io,2025-06-21 13:30:01
135,jadekernel31,jadekernel31@hackstack.io,2024-01-19 13:27:03
136,vividriver57,vividriver57@opswise.net,2024-06-07 12:05:04
137,keenlagoon75,keenlagoon75@hackstack.io,2025-01-02 10:21:39
138,tidyengine06,tidyengine06@opswise.net,2024-11-12 12:10:59
139,forestanchor32,forestanchor32@relay.cloud,2024-12-23 18:16:31
140,tidymeadow62,tidymeadow62@seeded.app,2024-11-03 04:46:40
141,mellowisland69,mellowisland69@seeded.app,2025-12-12 22:52:55
142,quietkernel36,quietkernel36@acme.dev,2025-05-14 04:24:54
143,silverisland44,silverisland44@hackstack.io,2025-06-06 08:22:33
144,silverwindow29,silverwindow29@opswise.net,2025-01-04 11:13:09
145,silverjourney15,silverjourney15@hackstack.io,2024-10-26 15:05:15
146,warmisland34,warmisland34@relay.cloud,2025-04-20 19:17:16
147,jadebeacon71,jadebeacon71@acme.dev,2024-06-08 06:53:51
148,briskgarden03,briskgarden03@relay.cloud,2025-05-16 10:10:40
149,amberisland21,amberisland21@acme.dev,2024-12-03 22:23:12
150,quietdelta37,quietdelta37@relay.cloud,2025-10-22 06:03:53
151,livelyzenith48,livelyzenith48@relay.cloud,2025-11-25 16:09:14
152,mellowfield15,mellowfield15@relay.cloud,2024-07-27 18:44:24
153,quietdelta46,quietdelta46@opswise.net,2024-09-10 09:06:39
154,harborzenith76,harborzenith76@relay.cloud,2024-12-28 15:47:40
155,ivorysignal51,ivorysignal51@opswise.net,2025-06-21 10:25:17
156,jadeanchor45,jadeanchor45@acme.dev,2025-07-27 04:34:24
157,navygarden97,navygarden97@seeded.app,2024-06-15 00:08:50
158,embernetwork89,embernetwork89@relay.cloud,2024-12-01 04:09:56
159,vividjourney92,vividjourney92@opswise.net,2024-06-27 22:54:32
160,goldkernel54,goldkernel54@acme.dev,2024-03-02 17:30:49
161,cobaltlagoon89,cobaltlagoon89@acme.dev,2024-12-25 01:29:09
162,vividriver82,vividriver82@hackstack.io,2024-07-07 01:35:11
163,keenharvest68,keenharvest68@seeded.app,2025-05-26 11:59:30
164,navydelta15,navydelta15@seeded.app,2025-09-12 08:52:36
165,mellowbeacon19,mellowbeacon19@relay.cloud,2025-10-06 15:37:14
166,urbankernel98,urbankernel98@opswise.net,2025-09-15 11:57:40
167,tidytrail02,tidytrail02@relay.cloud,2025-09-09 17:22:03
168,urbangarden93,urbangarden93@hackstack.io,2024-08-29 10:17:03
169,dawnbeacon18,dawnbeacon18@hackstack.io,2024-02-12 13:57:08
170,dawnorbit41,dawnorbit41@acme.dev,2025-04-27 13:10:13
171,ivorytrail85,ivorytrail85@example.com,2025-06-18 22:13:03
172,ivoryyard88,ivoryyard88@hackstack.io,2025-06-02 18:30:05
173,cobaltnetwork21,cobaltnetwork21@opswise.net,2024-02-18 09:36:13
174,warmzenith79,warmzenith79@hackstack.io,2024-07-01 08:28:20
175,livelylagoon29,livelylagoon29@example.com,2025-01-16 04:46:37
176,proudcanyon70,proudcanyon70@example.com,2025-11-29 15:19:38
177,mellowdelta51,mellowdelta51@acme.dev,2025-05-28 02:39:09
178,navyharvest18,navyharvest18@relay.cloud,2025-07-01 23:21:51
179,forestmeadow68,forestmeadow68@acme.dev,2024-07-18 18:54:01
180,quietisland77,quietisland77@example.com,2024-03-15 04:32:05
181,goldwindow48,goldwindow48@example.com,2025-09-28 09:19:43
182,livelydelta20,livelydelta20@acme.dev,2025-05-08 11:29:44
183,silveryard26,silveryard26@acme.dev,2024-06-26 12:05:41
184,jadejourney23,jadejourney23@relay.cloud,2024-04-12 17:54:51
185,vividquartz95,vividquartz95@acme.dev,2024-01-13 00:45:54
186,dawnisland72,dawnisland72@example.com,2025-08-01 12:20:17
187,livelycanyon37,livelycanyon37@example.com,2024-06-20 13:43:29
188,proudfield24,proudfield24@relay.cloud,2024-07-30 01:28:32
189,goldjourney98,goldjourney98@opswise.net,2024-02-23 14:06:26
190,embergarden41,embergarden41@opswise.net,2025-05-08 01:08:07
191,rapiddelta27,rapiddelta27@relay.cloud,2025-06-24 02:48:34
192,keenharvest92,keenharvest92@opswise.net,2025-10-22 01:31:39
193,urbanorbit85,urbanorbit85@example.com,2024-02-07 06:59:18
194,navyjourney48,navyjourney48@seeded.app,2025-10-03 19:44:08
195,tidyquartz28,tidyquartz28@acme.dev,2025-05-23 15:23:31
196,tidywindow11,tidywindow11@example.com,2025-04-16 16:37:59
197,calmuplink46,calmuplink46@acme.dev,2026-01-02 01:12:31
198,vividsignal67,vividsignal67@acme.dev,2025-02-11 22:15:04
199,mellowquartz89,mellowquartz89@seeded.app,2025-02-26 21:08:38
200,mellowlagoon68,mellowlagoon68@relay.cloud,2024-08-04 02:49:15
201,urbanbeacon15,urbanbeacon15@example.com,2024-05-08 04:35:14
202,cobaltjourney60,cobaltjourney60@example.com,2025-06-19 17:49:28
203,cobaltanchor34,cobaltanchor34@example.com,2025-04-11 22:54:33
204,opalbeacon29,opalbeacon29@seeded.app,2025-09-03 04:47:42
205,harborvalley31,harborvalley31@acme.dev,2025-02-19 23:20:28
206,harboruplink64,harboruplink64@seeded.app,2024-08-05 05:23:59
207,proudnetwork88,proudnetwork88@opswise.net,2025-03-14 23:16:39
208,calmmeadow32,calmmeadow32@seeded.app,2025-12-12 03:38:08
209,forestengine55,forestengine55@relay.cloud,2025-06-13 05:32:37
210,rapidpioneer33,rapidpioneer33@example.com,2025-07-01 05:44:22
211,warmharvest33,warmharvest33@acme.dev,2024-01-14 19:49:56
212,forestharvest43,forestharvest43@relay.cloud,2024-10-02 18:38:14
213,forestmeadow07,forestmeadow07@acme.dev,2025-10-01 17:08:58
214,vividgarden54,vividgarden54@seeded.app,2024-06-10 00:09:17
215,calmsignal84,calmsignal84@example.com,2025-02-22 05:45:57
216,amberlagoon01,amberlagoon01@relay.cloud,2024-03-30 23:13:01
217,ivorytrail34,ivorytrail34@hackstack.io,2025-08-21 03:19:43
218,rapidgarden60,rapidgarden60@opswise.net,2025-08-14 21:06:31
219,dawncanyon07,dawncanyon07@hackstack.io,2024-04-12 17:33:02
220,ambermeadow00,ambermeadow00@example.com,2024-03-09 16:38:13
221,mellowuplink99,mellowuplink99@seeded.app,2024-04-19 19:12:25
222,urbannetwork23,urbannetwork23@example.com,2024-03-09 21:30:13
223,youngtrail95,youngtrail95@acme.dev,2024-03-11 01:25:45
224,forestsignal70,forestsignal70@example.com,2025-03-30 11:31:25
225,quietcanyon42,quietcanyon42@seeded.app,2024-07-13 11:27:32
226,cobaltyard62,cobaltyard62@seeded.app,2025-10-31 22:34:21
227,opalkernel46,opalkernel46@opswise.net,2025-11-08 19:13:29
228,navyharvest52,navyharvest52@opswise.net,2025-05-01 21:48:02
229,proudcanyon40,proudcanyon40@example.com,2024-02-13 22:36:45
230,dawnwindow23,dawnwindow23@opswise.net,2026-01-13 11:36:16
231,tidypioneer03,tidypioneer03@example.com,2025-08-31 11:51:07
232,youngengine71,youngengine71@relay.cloud,2026-01-25 06:30:01
233,youngnetwork69,youngnetwork69@relay.cloud,2024-11-01 12:36:39
234,ambergarden21,ambergarden21@seeded.app,2024-07-06 16:06:25
235,forestengine05,forestengine05@acme.dev,2026-01-19 05:31:51
236,navykernel87,navykernel87@seeded.app,2025-02-01 00:16:52
237,opalanchor81,opalanchor81@opswise.net,2024-06-25 14:32:14
238,dawnzenith17,dawnzenith17@relay.cloud,2025-04-14 01:55:45
239,mellowuplink06,mellowuplink06@example.com,2024-08-28 12:36:09
240,jadezenith89,jadezenith89@opswise.net,2024-06-03 23:21:43
241,rapidmeadow65,rapidmeadow65@opswise.net,2025-01-15 00:32:00
242,tidydelta55,tidydelta55@example.com,2025-09-21 15:36:39
243,amberwindow48,amberwindow48@hackstack.io,2026-01-01 05:13:58
244,clearpioneer90,clearpioneer90@hackstack.io,2025-12-20 01:02:32
245,rapidnetwork65,rapidnetwork65@acme.dev,2024-10-05 16:06:56
246,warmyard45,warmyard45@example.com,2024-03-21 03:41:52
247,opalharvest98,opalharvest98@opswise.net,2024-02-08 17:38:57
248,amberkernel45,amberkernel45@relay.cloud,2024-03-06 03:26:31
249,vividorbit81,vividorbit81@relay.cloud,2024-09-02 07:10:53
250,foresttrail47,foresttrail47@hackstack.io,2025-01-19 12:02:37
251,ivorynetwork52,ivorynetwork52@seeded.app,2024-11-05 20:56:21
252,forestquartz95,forestquartz95@hackstack.io,2024-06-04 08:00:54
253,livelywindow69,livelywindow69@relay.cloud,2025-09-08 11:10:45
254,quietkernel41,quietkernel41@opswise.net,2025-01-17 20:56:26
255,mellowfield93,mellowfield93@acme.dev,2025-09-19 02:58:51
256,opalriver10,opalriver10@acme.dev,2024-07-08 00:19:01
257,vividwindow32,vividwindow32@example.com,2024-07-31 05:34:52
258,navyengine77,navyengine77@relay.cloud,2025-12-13 11:15:44
259,mellowzenith59,mellowzenith59@seeded.app,2024-06-23 21:19:11
260,proudharvest92,proudharvest92@opswise.net,2024-08-27 16:03:30
261,amberpioneer67,amberpioneer67@acme.dev,2024-07-25 23:56:29
262,ambergarden59,ambergarden59@acme.dev,2024-10-27 03:51:44
263,dawnlagoon35,dawnlagoon35@example.com,2024-12-25 15:15:55
264,livelykernel78,livelykernel78@relay.cloud,2025-02-03 04:37:51
265,briskmeadow53,briskmeadow53@example.com,2024-10-26 14:18:07
266,goldjourney14,goldjourney14@opswise.net,2025-05-23 06:35:24
267,livelynetwork71,livelynetwork71@example.com,2025-05-07 20:32:14
268,keenisland93,keenisland93@hackstack.io,2025-05-24 09:01:23
269,briskgarden20,briskgarden20@relay.cloud,2024-02-13 05:43:39
270,quietuplink32,quietuplink32@opswise.net,2024-08-10 02:08:01
271,warmwindow38,warmwindow38@seeded.app,2026-01-09 18:27:35
272,navydelta67,navydelta67@hackstack.io,2024-09-07 17:23:14
273,proudkernel61,proudkernel61@acme.dev,2025-01-21 08:34:43
274,briskjourney24,briskjourney24@opswise.net,2024-08-30 11:28:49
275,proudpioneer29,proudpioneer29@example.com,2024-06-13 12:41:38
276,embermeadow05,embermeadow05@relay.cloud,2026-01-19 05:02:49
277,jadeyard22,jadeyard22@hackstack.io,2025-11-06 04:06:48
278,forestvalley12,forestvalley12@acme.dev,2024-12-02 00:57:24
279,mellowisland01,mellowisland01@hackstack.io,2025-03-12 21:12:13
280,tidyfield29,tidyfield29@hackstack.io,2024-02-06 21:52:38
281,keenquartz74,keenquartz74@example.com,2025-12-26 20:56:14
282,clearlagoon19,clearlagoon19@opswise.net,2025-04-09 18:41:55
283,tidymeadow46,tidymeadow46@acme.dev,2024-08-01 12:55:30
284,ambercanyon92,ambercanyon92@opswise.net,2024-11-07 01:22:16
285,quietkernel18,quietkernel18@relay.cloud,2025-05-12 00:26:03
286,goldyard54,goldyard54@seeded.app,2025-02-27 06:43:39
287,tidycanyon32,tidycanyon32@hackstack.io,2026-01-15 11:48:40
288,ivoryfield02,ivoryfield02@seeded.app,2024-02-11 04:27:34
289,livelyjourney37,livelyjourney37@hackstack.io,2024-06-02 03:27:03
290,proudgarden01,proudgarden01@seeded.app,2024-07-25 10:56:26
291,youngquartz30,youngquartz30@hackstack.io,2025-03-17 08:50:01
292,harborriver72,harborriver72@opswise.net,2025-05-09 05:20:35
293,navyfield43,navyfield43@example.com,2025-11-12 05:56:33
294,calmyard60,calmyard60@relay.cloud,2025-09-24 15:34:26
295,goldanchor41,goldanchor41@relay.cloud,2024-07-10 18:04:18
296,urbanlagoon65,urbanlagoon65@relay.cloud,2024-04-10 18:21:18
297,jadepioneer33,jadepioneer33@relay.cloud,2024-10-11 04:29:55
298,urbanharvest71,urbanharvest71@seeded.app,2024-12-14 20:27:22
299,clearkernel97,clearkernel97@seeded.app,2024-04-25 10:01:10
300,vividzenith20,vividzenith20@hackstack.io,2025-01-19 17:01:25
301,livelyquartz73,livelyquartz73@example.com,2025-01-05 23:13:30
302,younglagoon27,younglagoon27@relay.cloud,2024-07-13 09:43:23
303,briskdelta28,briskdelta28@opswise.net,2025-08-15 04:45:14
304,navylagoon65,navylagoon65@seeded.app,2025-03-26 03:04:39
305,navyvalley55,navyvalley55@relay.cloud,2025-06-27 07:06:48
306,jadevalley37,jadevalley37@seeded.app,2025-08-18 22:05:22
307,proudjourney87,proudjourney87@acme.dev,2025-04-08 09:23:20
308,silverdelta36,silverdelta36@seeded.app,2025-10-24 12:09:22
309,vividsignal61,vividsignal61@hackstack.io,2024-08-27 22:10:52
310,clearbeacon36,clearbeacon36@example.com,2024-06-06 17:28:26
311,ivoryquartz24,ivoryquartz24@hackstack.io,2024-10-06 03:46:47
312,livelyuplink13,livelyuplink13@acme.dev,2024-11-29 06:20:36
313,tidygarden35,tidygarden35@example.com,2024-01-16 06:13:18
314,forestgarden84,forestgarden84@hackstack.io,2024-01-04 21:53:02
315,tidyuplink15,tidyuplink15@seeded.app,2024-09-12 03:11:39
316,mellowtrail65,mellowtrail65@seeded.app,2024-09-13 06:52:57
317,harbortrail34,harbortrail34@seeded.app,2024-07-24 15:29:00
318,keengarden49,keengarden49@acme.dev,2025-03-18 01:49:12
319,ivoryvalley04,ivoryvalley04@hackstack.io,2024-09-23 13:33:37
320,clearsignal18,clearsignal18@opswise.net,2024-04-16 17:46:25
321,silverisland26,silverisland26@hackstack.io,2025-04-10 04:16:07
322,ivorypioneer93,ivorypioneer93@hackstack.io,2025-12-12 11:40:39
323,clearanchor10,clearanchor10@seeded.app,2025-08-19 21:31:42
324,vividbeacon74,vividbeacon74@acme.dev,2024-09-22 07:03:43
325,quietkernel61,quietkernel61@acme.dev,2024-07-07 08:52:11
326,silversignal19,silversignal19@opswise.net,2024-11-19 20:45:17
327,younganchor17,younganchor17@opswise.net,2025-09-12 13:57:49
328,proudvalley65,proudvalley65@seeded.app,2025-01-26 16:08:46
329,vividkernel60,vividkernel60@relay.cloud,2025-04-26 11:42:59
330,keennetwork57,keennetwork57@acme.dev,2024-01-12 12:53:20
331,clearwindow14,clearwindow14@hackstack.io,2025-05-31 01:18:13
332,goldlagoon09,goldlagoon09@acme.dev,2024-05-17 11:24:11
333,mellowengine91,mellowengine91@seeded.app,2025-03-25 18:51:51
334,brisktrail60,brisktrail60@acme.dev,2025-06-04 13:16:06
335,livelyharvest44,livelyharvest44@relay.cloud,2024-01-20 22:10:41
336,urbangarden20,urbangarden20@acme.dev,2025-06-09 05:23:38
337,forestuplink03,forestuplink03@example.com,2025-01-10 16:24:38
338,calmengine76,calmengine76@acme.dev,2025-10-06 09:27:37
339,harborlagoon41,harborlagoon41@hackstack.io,2025-05-09 01:43:59
340,cobalttrail91,cobalttrail91@example.com,2025-10-31 00:49:58
341,ivorylagoon01,ivorylagoon01@example.com,2025-10-23 21:53:24
342,briskzenith97,briskzenith97@seeded.app,2026-01-23 17:11:56
343,youngorbit38,youngorbit38@example.com,2024-05-28 01:19:30
344,vividvalley86,vividvalley86@opswise.net,2026-01-13 06:54:47
345,navynetwork64,navynetwork64@relay.cloud,2024-08-13 16:30:13
346,mellowisland97,mellowisland97@seeded.app,2024-09-10 09:51:40
347,vividnetwork60,vividnetwork60@seeded.app,2024-10-28 12:49:44
348,harborlagoon11,harborlagoon11@seeded.app,2024-02-26 00:53:32
349,silverfield06,silverfield06@seeded.app,2024-07-19 05:46:59
350,cobaltmeadow06,cobaltmeadow06@relay.cloud,2024-05-30 22:08:45
351,harboryard35,harboryard35@hackstack.io,2024-04-19 20:57:53
352,mellowmeadow79,mellowmeadow79@acme.dev,2025-06-11 09:40:14
353,dawngarden83,dawngarden83@opswise.net,2024-11-20 05:54:58
354,silverharvest07,silverharvest07@opswise.net,2024-04-05 16:29:57
355,rapidriver70,rapidriver70@relay.cloud,2025-06-09 09:39:15
356,embercanyon76,embercanyon76@opswise.net,2025-04-21 14:54:01
357,mellowuplink72,mellowuplink72@seeded.app,2024-05-20 14:14:17
358,forestfield39,forestfield39@hackstack.io,2024-12-22 20:39:38
359,cobalttrail01,cobalttrail01@hackstack.io,2024-01-02 15:29:03
360,youngharvest16,youngharvest16@acme.dev,2024-11-12 00:46:27
361,cobaltnetwork40,cobaltnetwork40@seeded.app,2024-04-25 14:25:59
362,opalanchor47,opalanchor47@relay.cloud,2025-03-14 18:22:57
363,vividlagoon74,vividlagoon74@acme.dev,2025-05-29 11:42:11
364,livelyanchor91,livelyanchor91@acme.dev,2024-12-11 15:28:52
365,emberjourney36,emberjourney36@relay.cloud,2024-01-11 13:10:11
366,warmquartz07,warmquartz07@example.com,2025-01-24 21:25:29
367,goldwindow85,goldwindow85@example.com,2024-09-16 22:51:09
368,harborriver72,harborriver72@hackstack.io,2024-06-19 07:15:49
369,navyjourney80,navyjourney80@example.com,2025-07-16 22:04:33
370,urbanengine77,urbanengine77@hackstack.io,2024-04-16 14:05:54
371,livelyuplink83,livelyuplink83@relay.cloud,2025-03-23 18:13:22
372,keenengine37,keenengine37@example.com,2024-04-10 02:06:04
373,briskwindow20,briskwindow20@hackstack.io,2025-06-05 21:39:24
374,mellowuplink92,mellowuplink92@opswise.net,2025-04-04 20:31:48
375,calmwindow78,calmwindow78@example.com,2025-10-04 00:51:32
376,harbortrail25,harbortrail25@relay.cloud,2025-05-24 10:57:46
377,clearriver26,clearriver26@acme.dev,2024-04-09 04:22:36
378,youngisland06,youngisland06@seeded.app,2025-04-01 11:35:35
379,calmuplink93,calmuplink93@acme.dev,2025-02-18 11:51:09
380,ivorycanyon92,ivorycanyon92@seeded.app,2024-09-27 09:11:39
381,jadevalley07,jadevalley07@acme.dev,2025-07-14 20:01:02
382,dawnisland49,dawnisland49@acme.dev,2026-01-04 18:39:43
383,ambermeadow11,ambermeadow11@opswise.net,2026-01-24 22:10:16
384,urbanyard00,urbanyard00@example.com,2025-10-13 11:35:13
385,calmgarden27,calmgarden27@seeded.app,2024-06-24 21:53:44
386,clearriver10,clearriver10@relay.cloud,2026-01-04 18:06:01
387,keentrail37,keentrail37@relay.cloud,2024-06-17 22:37:43
388,forestengine14,forestengine14@acme.dev,2024-05-17 21:04:07
389,emberengine88,emberengine88@seeded.app,2025-04-13 01:53:59
390,younglagoon49,younglagoon49@seeded.app,2024-09-17 07:36:35
391,harborcanyon21,harborcanyon21@example.com,2025-12-28 06:43:12
392,vividdelta36,vividdelta36@acme.dev,2024-07-06 14:21:27
393,keenjourney17,keenjourney17@hackstack.io,2024-01-17 16:44:34
394,harborwindow33,harborwindow33@opswise.net,2024-08-06 11:29:50
395,goldwindow64,goldwindow64@seeded.app,2025-11-11 13:00:00
396,ivoryyard82,ivoryyard82@hackstack.io,2025-02-01 20:33:53
397,forestcanyon48,forestcanyon48@seeded.app,2025-03-27 00:38:01
398,quietorbit16,quietorbit16@acme.dev,2025-07-28 08:52:19
399,forestwindow46,forestwindow46@acme.dev,2024-02-21 12:06:28
400,proudfield12,proudfield12@acme.dev,2025-03-01 08:00:21
